,,,Question 1: Citizen Initiative,,,Question 2: Citizen Initiative,,,Question 3: Citizen Initiative,,,Question 4: Citizen Initiative,,,Question 5: Citizen Initiative,,,Question 6:  Bond Issue,,,Total Ballots Cast,,,,,,,,
CTY,,MUNICIPALITY,YES,NO,BLANK,YES,NO,BLANK,YES,NO,BLANK,YES,NO,BLANK,YES,NO,BLANK,YES,NO,BLANK,,,,,,,,,
AND,,AUBURN,"5,871","5,993",122,"6,258","5,592",136,"5,975","5,883",128,"6,408","5,442",136,"6,166","5,538",282,"6,952","4,788",246,"11,986",,,,,,,,
AND,*,DURHAM,"1,338","1,260",13,"1,137","1,452",22,949,"1,646",16,"1,229","1,363",19,"1,194","1,364",53,"1,301","1,264",46,"2,611",,,,,,,,
AND,*,GREENE,"1,181","1,402",15,"1,051","1,524",22,836,"1,749",12,"1,084","1,493",20,"1,046","1,494",57,"1,182","1,363",52,"2,597",,,,,,,,
AND,,LEEDS,661,628,10,558,731,10,342,948,9,552,741,6,564,718,17,625,655,19,"1,299",,,,,,,,
AND,*,LEWISTON,"8,327","8,714",215,"9,569","7,401",287,"9,339","7,699",219,"9,864","7,149",244,"9,002","7,730",525,"10,109","6,653",495,"17,257",,,,,,,,
AND,*,LISBON,"2,421","2,456",66,"2,363","2,516",67,"1,826","3,072",48,"2,250","2,625",71,"2,344","2,479",123,"2,647","2,170",129,"4,946",,,,,,,,
AND,,LIVERMORE,520,803,16,552,773,14,395,927,17,571,752,16,543,761,35,654,665,20,"1,339",,,,,,,,
AND,,LIVERMORE FALLS,744,727,15,771,695,20,444,"1,029",13,773,693,20,729,726,31,811,659,16,"1,486",,,,,,,,
AND,,MECHANIC FALLS,792,768,26,716,839,31,543,"1,025",18,717,855,14,658,881,47,758,798,30,"1,586",,,,,,,,
AND,,MINOT,748,928,7,672,997,14,604,"1,070",9,697,976,10,671,984,28,813,846,24,"1,683",,,,,,,,
AND,,POLAND,"1,616","1,653",15,"1,542","1,723",19,"1,227","2,045",12,"1,600","1,669",15,"1,531","1,698",55,"1,706","1,527",51,"3,284",,,,,,,,
AND,*,SABATTUS,"1,380","1,413",56,"1,335","1,450",65,960,"1,842",48,"1,350","1,436",64,"1,278","1,468",104,"1,310","1,444",96,"2,850",,,,,,,,
AND,*,TURNER,"1,410","1,952",21,"1,269","2,084",30,"1,049","2,312",22,"1,389","1,972",22,"1,352","1,959",72,"1,605","1,722",56,"3,383",,,,,,,,
AND,,WALES,365,520,6,340,540,11,237,648,6,311,569,11,325,541,25,353,514,24,891,,,,,,,,
,,Total:,"27,374","29,217",603,"28,133","28,317",748,"24,726","31,895",577,"28,795","27,735",668,"27,403","28,341","1,454","30,826","25,068","1,304","57,198",,,,,,,,
ARO,,ALLAGASH,60,96,13,95,61,13,61,99,9,123,39,7,78,72,19,97,56,16,169,,,,,,,,
ARO,,AMITY,45,79,0,47,77,0,20,103,1,65,57,2,40,82,2,53,69,2,124,,,,,,,,
ARO,,ASHLAND,252,351,25,296,307,25,150,452,26,314,288,26,243,344,41,331,263,34,628,,,,,,,,
ARO,,T12/R13 WELS/T9 R8 WELS,3,0,0,3,0,0,1,2,0,3,0,0,1,1,1,2,0,1,3,,,,,,,,
ARO,,BLAINE,115,277,7,157,232,10,74,321,4,164,227,8,126,248,25,162,218,19,399,,,,,,,,
ARO,,BRIDGEWATER,87,219,7,130,178,5,75,236,2,146,160,7,120,181,12,131,176,6,313,,,,,,,,
ARO,,E TWP,12,21,2,13,21,1,8,27,0,14,21,0,14,21,0,14,21,0,35,,,,,,,,
ARO,,TD R2 WELS,3,1,0,4,0,0,0,4,0,2,2,0,2,1,1,3,1,0,4,,,,,,,,
ARO,,CARIBOU,"1,510","2,523",56,"2,171","1,836",82,"1,700","2,332",57,"2,185","1,836",68,"1,805","2,139",145,"2,318","1,627",144,"4,089",,,,,,,,
ARO,,CARY PLT,36,81,1,54,63,1,21,97,0,58,57,3,42,72,4,43,74,1,118,,,,,,,,
ARO,,CASTLE HILL,78,152,4,113,116,5,67,163,4,115,114,5,90,136,8,115,111,8,234,,,,,,,,
ARO,,CASWELL,53,95,1,84,62,3,49,97,3,92,56,1,53,88,8,91,54,4,149,,,,,,,,
ARO,,CHAPMAN,109,164,6,136,138,5,64,210,5,130,144,5,118,152,9,137,128,14,279,,,,,,,,
ARO,,CROSS LAKE TWP (T17 R5),47,74,0,69,51,1,52,69,0,69,51,1,53,63,5,81,39,1,121,,,,,,,,
ARO,,CRYSTAL,58,90,1,67,80,2,37,111,1,64,84,1,58,86,5,76,68,5,149,,,,,,,,
ARO,,CYR PLT,22,31,0,29,24,0,12,40,1,31,21,1,19,30,4,29,23,1,53,,,,,,,,
ARO,,T11 R4 WELS TWP,17,7,0,16,8,0,5,19,0,17,7,0,9,14,1,16,8,0,24,,,,,,,,
ARO,,DYER BROOK,41,107,2,65,83,2,27,121,2,66,78,6,59,85,6,68,77,5,150,,,,,,,,
ARO,,EAGLE LAKE,173,288,22,272,191,20,198,261,24,300,159,24,233,213,37,286,162,35,483,,,,,,,,
ARO,,EASTON,234,439,16,295,373,21,173,501,15,308,361,20,265,395,29,336,327,26,689,,,,,,,,
ARO,,T15 R6 TWP,1,8,0,5,4,0,2,7,0,4,5,0,5,4,0,7,2,0,9,,,,,,,,
ARO,,FORT FAIRFIELD,684,989,31,898,779,27,590,"1,083",31,923,752,29,741,909,54,933,721,50,"1,704",,,,,,,,
ARO,,FORT KENT,711,"1,413",63,"1,218",905,64,996,"1,130",61,"1,246",880,61,"1,047","1,037",103,"1,354",748,85,"2,187",,,,,,,,
ARO,,FRENCHVILLE,256,356,14,357,259,10,247,369,10,379,236,11,321,285,20,388,225,13,626,,,,,,,,
ARO,,BIG TWENTY TWP/T15 R15 WELS,0,2,0,1,1,0,0,2,0,0,1,1,0,1,1,0,1,1,2,,,,,,,,
ARO,,GARFIELD PLT,13,39,1,17,34,2,9,42,2,25,27,1,22,30,1,19,32,2,53,,,,,,,,
ARO,,GLENWOOD PLT,0,2,0,2,0,0,0,2,0,2,0,0,1,1,0,2,0,0,2,,,,,,,,
ARO,,GRAND ISLE,107,122,4,142,85,6,82,146,5,162,66,5,115,109,9,145,79,9,233,,,,,,,,
ARO,,HAMLIN,37,64,3,46,54,4,29,72,3,51,51,2,30,71,3,58,39,7,104,,,,,,,,
ARO,,HAMMOND,13,37,0,20,30,0,11,39,0,27,23,0,26,24,0,19,30,1,50,,,,,,,,
ARO,,HAYNESVILLE,14,36,0,19,31,0,6,44,0,20,29,1,20,28,2,20,28,2,50,,,,,,,,
ARO,,HERSEY,10,23,1,11,23,0,2,32,0,13,21,0,11,23,0,16,18,0,34,,,,,,,,
ARO,,HODGDON,163,521,6,258,418,14,122,561,7,264,414,12,232,434,24,283,386,21,690,,,,,,,,
ARO,,HOULTON,935,"1,762",75,"1,393","1,300",79,874,"1,837",61,"1,425","1,273",74,"1,170","1,455",147,"1,450","1,209",113,"2,772",,,,,,,,
ARO,,ISLAND FALLS,143,267,9,168,242,9,111,299,9,182,231,6,142,260,17,200,210,9,419,,,,,,,,
ARO,,T4 R3 TWP,1,0,0,1,0,0,0,1,0,1,0,0,0,1,0,1,0,0,1,,,,,,,,
ARO,,LIMESTONE,343,459,10,482,319,11,325,474,13,474,327,11,383,408,21,472,320,20,812,,,,,,,,
ARO,,LINNEUS,146,328,8,206,264,12,90,388,4,215,255,12,189,270,23,223,240,19,482,,,,,,,,
ARO,,LITTLETON,145,352,12,222,270,17,119,378,12,234,262,13,189,293,27,235,253,21,509,,,,,,,,
ARO,,LUDLOW,85,147,2,118,113,3,48,184,2,110,120,4,87,139,8,95,132,7,234,,,,,,,,
ARO,,MACWAHOC PLT,13,30,1,16,28,0,3,41,0,18,25,1,13,29,2,14,27,3,44,,,,,,,,
ARO,,MADAWASKA,846,"1,309",91,"1,333",815,98,"1,058","1,102",86,"1,472",675,99,"1,198",905,143,"1,458",658,130,"2,246",,,,,,,,
ARO,,MADAWASKA LAKE TWP (T16 R4),41,66,1,57,49,2,54,53,1,67,39,2,40,66,2,68,39,1,108,,,,,,,,
ARO,,MAPLETON,405,737,13,492,643,20,293,845,17,455,678,22,442,679,34,533,589,33,"1,155",,,,,,,,
ARO,,MARS HILL,224,540,18,294,468,20,212,553,17,322,443,17,282,471,29,329,424,29,782,,,,,,,,
ARO,,MASARDIS,57,70,3,65,63,2,19,110,1,72,55,3,63,61,6,66,62,2,130,,,,,,,,
ARO,,MERRILL,56,80,1,57,78,2,36,100,1,66,70,1,54,79,4,57,78,2,137,,,,,,,,
PEN,,MOLUNKUS TWP,23,25,0,24,24,0,9,38,1,28,20,0,19,28,1,21,27,0,48,,,,,,,,
ARO,,MONTICELLO,150,267,8,181,240,4,71,349,5,199,220,6,184,230,11,197,219,9,425,,,,,,,,
ARO,,MORO PLT,7,20,0,2,25,0,5,22,0,9,18,0,2,25,0,6,21,0,27,,,,,,,,
ARO,,NASHVILLE PLT,6,14,0,11,9,0,8,12,0,9,11,0,9,11,0,12,8,0,20,,,,,,,,
ARO,,NEW CANADA,58,103,3,90,69,5,73,88,3,86,74,4,79,80,5,96,62,6,164,,,,,,,,
ARO,,NEW LIMERICK,93,252,2,147,196,4,91,253,3,141,204,2,127,212,8,159,183,5,347,,,,,,,,
ARO,,NEW SWEDEN,169,206,2,215,157,5,147,224,6,220,155,2,175,190,12,215,149,13,377,,,,,,,,
ARO,,OAKFIELD,132,242,18,181,189,22,88,293,11,176,194,22,158,207,27,172,193,27,392,,,,,,,,
ARO,,ORIENT,40,49,0,34,54,1,18,71,0,47,41,1,32,54,3,40,46,3,89,,,,,,,,
ARO,,OXBOW PLT,11,25,2,14,23,1,5,32,1,17,20,1,11,26,1,19,18,1,38,,,,,,,,
ARO,,PERHAM,81,121,5,80,121,6,49,154,4,96,107,4,62,135,10,92,109,6,207,,,,,,,,
ARO,,PORTAGE LAKE,102,155,3,130,127,3,69,187,4,132,124,4,100,153,7,150,103,7,260,,,,,,,,
ARO,,PRESQUE ISLE,"1,728","2,584",113,"2,191","2,106",128,"1,698","2,620",107,"2,244","2,054",127,"1,920","2,320",185,"2,330","1,935",160,"4,425",,,,,,,,
ARO,,REED PLT,27,51,1,30,47,2,18,61,0,40,38,1,31,45,3,34,43,2,79,,,,,,,,
ARO,,SAINT AGATHA,255,324,7,358,217,11,236,342,8,406,170,10,318,244,24,410,159,17,586,,,,,,,,
ARO,,SAINT FRANCIS,94,146,6,152,91,3,90,154,2,161,81,4,130,96,20,154,80,12,246,,,,,,,,
ARO,,SAINT JOHN PLT,54,109,4,92,69,6,72,91,4,102,59,6,84,75,8,118,42,7,167,,,,,,,,
ARO,,SHERMAN,201,436,10,243,396,8,116,524,7,267,372,8,220,414,13,253,382,12,647,,,,,,,,
ARO,,SMYRNA,57,95,1,65,86,2,37,115,1,81,72,0,48,101,4,59,88,6,153,,,,,,,,
ARO,,STOCKHOLM,65,90,2,71,83,3,47,107,3,67,89,1,62,90,5,83,67,7,157,,,,,,,,
ARO,,VAN BUREN,344,581,39,551,359,54,475,447,42,623,303,38,437,446,81,607,291,66,964,,,,,,,,
ARO,,T17 R3 VAN BUREN COVE TWP,12,11,1,11,12,1,10,13,1,14,9,1,12,11,1,17,6,1,24,,,,,,,,
ARO,,WADE,55,90,1,66,79,1,38,108,0,63,83,0,59,85,2,78,66,2,146,,,,,,,,
ARO,,WALLAGRASS,98,195,8,183,112,6,135,161,5,183,114,4,151,136,14,189,101,11,301,,,,,,,,
ARO,,WASHBURN,277,570,17,424,418,22,279,568,17,434,408,22,328,501,35,438,396,30,864,,,,,,,,
ARO,,WESTFIELD,81,175,2,120,131,7,78,180,0,140,113,5,117,134,7,139,112,7,258,,,,,,,,
ARO,,WESTMANLAND,9,39,1,22,25,2,17,31,1,28,20,1,17,30,2,28,17,4,49,,,,,,,,
ARO,,WESTON,79,104,2,83,98,4,46,136,3,100,83,2,71,105,9,89,88,8,185,,,,,,,,
ARO,,WINTERVILLE PLT,52,80,6,75,56,7,48,85,5,76,56,6,59,70,9,87,41,10,138,,,,,,,,
ARO,,WOODLAND,251,420,15,349,322,15,181,492,13,326,346,14,288,363,35,360,296,30,686,,,,,,,,
,,Total:,"13,015","22,433",809,"18,209","17,117",931,"12,386","23,117",754,"19,010","16,378",869,"15,561","19,112","1,584","19,486","15,400","1,371","36,257",,,,,,,,
CUM,,BALDWIN,435,476,25,384,526,26,249,665,22,415,493,28,346,543,47,444,457,35,936,,,,,,,,
CUM,*,BRIDGTON,"1,546","1,432",46,"1,395","1,577",55,"1,298","1,687",42,"1,624","1,341",62,"1,535","1,391",101,"1,707","1,212",108,"3,027",,,,,,,,
CUM,,BRUNSWICK,"7,000","5,695",197,"7,653","5,038",201,"8,654","4,089",149,"8,506","4,163",223,"7,801","4,649",442,"9,164","3,335",393,"12,892",,,,,,,,
CUM,,CAPE ELIZABETH,"3,327","3,166",105,"2,931","3,558",109,"5,105","1,424",69,"4,257","2,247",94,"4,072","2,342",184,"4,942","1,478",178,"6,598",,,,,,,,
CUM,*,CASCO,"1,187",952,15,"1,024","1,106",25,826,"1,306",23,"1,135",991,29,"1,041","1,053",61,"1,167",940,48,"2,155",,,,,,,,
CUM,,CHEBEAGUE ISLAND,183,136,10,191,128,10,240,80,9,227,92,10,199,116,14,242,76,11,329,,,,,,,,
CUM,,CUMBERLAND,"2,679","2,788",38,"2,129","3,322",54,"3,761","1,727",17,"3,115","2,347",43,"3,091","2,269",145,"3,760","1,630",115,"5,505",,,,,,,,
CUM,,FALMOUTH,"3,970","4,128",81,"3,072","5,021",86,"5,900","2,222",57,"4,672","3,407",100,"4,552","3,404",223,"5,759","2,233",187,"8,179",,,,,,,,
CUM,,FREEPORT,"3,064","2,471",80,"2,659","2,852",104,"3,592","1,952",71,"3,389","2,143",83,"3,349","2,104",162,"3,824","1,646",145,"5,615",,,,,,,,
CUM,,FRYE ISLAND,32,44,2,33,42,3,51,25,2,42,34,2,27,47,4,54,22,2,78,,,,,,,,
CUM,,GORHAM,"4,960","4,857",130,"4,845","4,926",176,"5,532","4,295",120,"5,237","4,537",173,"5,285","4,325",337,"6,016","3,619",312,"9,947",,,,,,,,
CUM,*,GRAY,"2,475","2,414",44,"2,252","2,620",59,"2,099","2,796",36,"2,464","2,411",56,"2,372","2,444",115,"2,707","2,115",109,"4,931",,,,,,,,
CUM,,HARPSWELL,"1,754","1,688",41,"1,758","1,692",33,"2,028","1,429",26,"2,099","1,349",35,"1,817","1,572",94,"2,486",936,61,"3,483",,,,,,,,
CUM,,HARRISON,775,703,19,687,786,24,536,946,15,790,683,24,698,753,46,832,628,37,"1,497",,,,,,,,
CUM,,LONG ISLAND,98,75,3,88,83,5,127,46,3,114,58,4,103,68,5,126,45,5,176,,,,,,,,
CUM,*,NAPLES,"1,256","1,061",16,"1,040","1,271",22,882,"1,439",12,"1,187","1,127",19,"1,075","1,198",60,"1,256","1,027",50,"2,333",,,,,,,,
CUM,*,NEW GLOUCESTER,"1,687","1,657",19,"1,459","1,871",34,"1,351","1,998",15,"1,575","1,768",21,"1,591","1,710",63,"1,752","1,552",60,"3,364",,,,,,,,
CUM,,NORTH YARMOUTH,"1,382","1,251",23,"1,121","1,512",23,"1,580","1,060",16,"1,514","1,118",24,"1,448","1,152",56,"1,729",872,55,"2,656",,,,,,,,
CUM,*,PORTLAND,"24,653","13,073",833,"24,377","13,138","1,062","30,300","7,488",789,"27,059","10,523",995,"26,440","10,523","1,614","28,210","8,537","1,830","38,577",,,,,,,,
CUM,,POWNAL,556,521,11,476,606,6,543,541,4,586,492,10,577,488,23,622,447,19,"1,088",,,,,,,,
CUM,*,RAYMOND,"1,529","1,363",6,"1,274","1,603",21,"1,274","1,607",17,"1,481","1,397",20,"1,426","1,429",43,"1,684","1,171",43,"2,898",,,,,,,,
CUM,*,SCARBOROUGH,"6,071","6,683",245,"5,627","7,074",293,"8,260","4,505",229,"7,108","5,607",279,"6,706","5,754",534,"8,337","4,203",454,"12,994",,,,,,,,
CUM,,SEBAGO,600,526,6,499,626,7,391,739,2,571,555,6,520,577,35,599,510,23,"1,132",,,,,,,,
CUM,*,SOUTH PORTLAND,"8,565","6,226",312,"8,730","6,019",356,"10,790","4,040",275,"9,741","4,998",366,"9,315","5,203",587,"10,377","4,129",599,"15,105",,,,,,,,
CUM,*,STANDISH,"2,933","2,576",46,"2,555","2,938",62,"2,257","3,256",42,"2,828","2,669",58,"2,549","2,886",120,"3,087","2,355",113,"5,555",,,,,,,,
CUM,,WESTBROOK,"5,502","4,313",205,"5,653","4,135",232,"6,059","3,783",178,"5,976","3,850",194,"5,657","3,958",405,"6,235","3,413",372,"10,020",,,,,,,,
CUM,*,WINDHAM,"5,155","4,854",126,"4,697","5,290",153,"4,705","5,329",106,"5,050","4,950",140,"4,914","4,897",329,"5,587","4,288",265,"10,140",,,,,,,,
CUM,,YARMOUTH,"2,772","2,885",68,"2,430","3,208",87,"4,147","1,522",56,"3,563","2,081",81,"3,537","2,041",147,"4,088","1,508",129,"5,725",,,,,,,,
,,Total:,"96,146","78,014","2,752","91,039","82,568","3,328","112,537","61,996","2,402","106,325","67,431","3,179","102,043","68,896","5,996","116,793","54,384","5,758","176,935",,,,,,,,
FRA,,AVON,114,133,1,109,136,3,49,197,2,116,129,3,110,133,5,115,126,7,248,,,,,,,,
FRA,,CARRABASSETT VALLEY,275,196,3,217,254,3,260,210,4,261,210,3,268,195,11,357,105,12,474,,,,,,,,
FRA,,CARTHAGE,135,149,8,143,138,11,69,215,8,126,156,10,111,166,15,140,140,12,292,,,,,,,,
FRA,,CHESTERVILLE,369,369,9,323,415,9,178,559,10,382,353,12,334,390,23,372,357,18,747,,,,,,,,
FRA,,COPLIN PLT,59,42,2,38,63,2,31,70,2,45,56,2,49,50,4,51,49,3,103,,,,,,,,
FRA,,DALLAS PLT,108,96,3,96,108,3,70,134,3,109,94,4,102,101,4,134,71,2,207,,,,,,,,
FRA,,EUSTIS,197,220,8,172,239,14,110,306,9,184,227,14,190,206,29,204,197,24,425,,,,,,,,
FRA,,FARMINGTON,"2,055","1,877",51,"2,231","1,690",62,"1,714","2,221",48,"2,239","1,678",66,"2,111","1,742",130,"2,310","1,533",140,"3,983",,,,,,,,
FRA,*,INDUSTRY,240,226,4,222,243,5,129,338,3,236,228,6,222,237,11,232,232,6,470,,,,,,,,
FRA,,JAY,"1,236","1,351",13,"1,293","1,290",17,858,"1,726",16,"1,346","1,235",19,"1,207","1,354",39,"1,344","1,224",32,"2,600",,,,,,,,
FRA,,KINGFIELD,399,400,11,371,426,13,243,558,9,411,388,11,354,414,42,454,325,31,810,,,,,,,,
FRA,*,NEW SHARON,481,451,10,409,520,13,230,707,5,443,490,9,397,519,26,431,496,15,942,,,,,,,,
FRA,,NEW VINEYARD,210,234,6,176,268,6,116,330,4,187,255,8,170,266,14,196,241,13,450,,,,,,,,
FRA,,PHILLIPS,341,295,13,307,323,19,178,461,10,349,288,12,289,334,26,327,299,23,649,,,,,,,,
FRA,,RANGELEY/ADAMSTOWN TWP,391,346,6,296,434,13,277,460,6,369,367,7,305,413,25,465,254,24,743,,,,,,,,
FRA,,RANGELEY PLT,71,88,3,48,111,3,52,107,3,71,87,4,50,105,7,88,69,5,162,,,,,,,,
FRA,,SANDY RIVER PLT,55,37,1,47,42,4,37,55,1,59,32,2,40,51,2,58,32,3,93,,,,,,,,
FRA,,STRONG,357,417,6,344,428,8,204,573,3,372,404,4,315,455,10,367,400,13,780,,,,,,,,
FRA,,TEMPLE,185,140,3,189,136,3,105,222,1,186,138,4,149,167,12,184,135,9,328,,,,,,,,
FRA,,WELD,118,165,5,123,161,4,82,201,5,132,151,5,104,175,9,140,142,6,288,,,,,,,,
FRA,,WILTON,"1,089","1,109",30,"1,019","1,181",28,727,"1,478",23,"1,089","1,107",32,996,"1,174",58,"1,107","1,065",56,"2,228",,,,,,,,
FRA,,PERKINS TOWNSHIP,8,5,0,8,5,0,6,7,0,8,5,0,9,4,0,9,4,0,13,,,,,,,,
FRA,,WASHINGTON TWP,11,6,0,8,9,0,6,11,0,5,12,0,8,9,0,6,11,0,17,,,,,,,,
FRA,,WYMAN TWP,19,14,0,11,21,1,10,23,0,15,18,0,13,17,3,16,14,3,33,,,,,,,,
,,Total:,"8,523","8,366",196,"8,200","8,641",244,"5,741","11,169",175,"8,740","8,108",237,"7,903","8,677",505,"9,107","7,521",457,"17,085",,,,,,,,
HAN,,AMHERST,84,88,2,71,99,4,40,129,5,77,94,3,72,97,5,88,81,5,174,,,,,,,,
HAN,,AURORA,35,40,1,29,47,0,17,58,1,45,31,0,30,46,0,39,35,2,76,,,,,,,,
HAN,,BAR HARBOR,"1,877","1,296",44,"1,970","1,184",63,"2,314",869,34,"2,165","1,005",47,"2,071","1,026",120,"2,425",664,128,"3,217",,,,,,,,
HAN,,BLUE HILL,957,842,25,967,833,24,"1,002",810,12,"1,118",680,26,"1,057",721,46,"1,262",520,42,"1,824",,,,,,,,
HAN,,BROOKLIN,325,247,2,296,274,4,334,236,4,372,199,3,333,234,7,413,151,10,574,,,,,,,,
HAN,,BROOKSVILLE,349,297,11,326,318,13,348,299,10,434,213,10,354,276,27,445,193,19,657,,,,,,,,
HAN,,BUCKSPORT,"1,288","1,329",38,"1,277","1,342",36,848,"1,782",25,"1,309","1,309",37,"1,184","1,399",72,"1,469","1,132",54,"2,655",,,,,,,,
HAN,,CASTINE,324,267,9,268,321,11,333,259,8,338,251,11,305,271,24,434,150,16,600,,,,,,,,
HAN,,CRANBERRY ISLES,92,56,5,72,74,7,98,53,2,111,38,4,92,52,9,112,33,8,153,,,,,,,,
HAN,,DEDHAM,525,564,11,491,596,13,380,710,10,510,579,11,496,579,25,575,501,24,"1,100",,,,,,,,
HAN,,DEER ISLE,606,605,19,560,657,13,622,597,11,726,495,9,691,502,37,797,412,21,"1,230",,,,,,,,
HAN,,EASTBROOK,104,132,8,104,128,12,42,196,6,97,138,9,91,141,12,109,124,11,244,,,,,,,,
HAN,,ELLSWORTH,"1,983","2,323",95,"1,990","2,312",99,"1,811","2,521",69,"2,081","2,215",105,"1,950","2,276",175,"2,358","1,911",132,"4,401",,,,,,,,
HAN,,FRANKLIN,398,405,8,387,408,16,281,518,12,398,395,18,369,405,37,445,340,26,811,,,,,,,,
HAN,,FRENCHBORO,23,9,1,10,21,2,9,23,1,17,14,2,20,12,1,28,3,2,33,,,,,,,,
HAN,,GOULDSBORO,486,538,10,440,577,17,415,610,9,520,498,16,456,551,27,582,429,23,"1,034",,,,,,,,
HAN,,GREAT POND,18,22,1,18,22,1,15,25,1,22,18,1,14,24,3,22,18,1,41,,,,,,,,
HAN,,HANCOCK,589,719,23,609,700,22,498,818,15,640,672,19,572,713,46,711,586,34,"1,331",,,,,,,,
HAN,,LAMOINE,495,603,14,501,596,15,490,610,12,591,510,11,520,565,27,653,434,25,"1,112",,,,,,,,
HAN,,MARIAVILLE,149,142,1,126,165,1,84,207,1,136,156,0,125,165,2,153,137,2,292,,,,,,,,
HAN,,MOUNT DESERT,780,639,17,721,695,20,941,478,17,947,466,23,816,570,50,"1,057",339,40,"1,436",,,,,,,,
HAN,,ORLAND,702,694,6,645,747,10,461,932,9,741,650,11,656,716,30,814,564,24,"1,402",,,,,,,,
HAN,,OSBORN,15,25,1,16,25,0,9,32,0,15,26,0,13,28,0,18,22,1,41,,,,,,,,
HAN,,OTIS,195,248,6,170,269,10,113,328,8,190,248,11,161,268,20,221,211,17,449,,,,,,,,
HAN,,PENOBSCOT,409,393,8,368,428,14,361,442,7,472,327,11,412,376,22,484,307,19,810,,,,,,,,
HAN,,SEDGWICK,390,363,10,384,365,14,340,413,10,463,285,15,390,349,24,487,255,21,763,,,,,,,,
HAN,,SORRENTO,96,110,4,96,109,5,87,119,4,114,92,4,94,108,8,129,74,7,210,,,,,,,,
HAN,,SOUTHWEST HARBOR,582,539,14,561,553,21,659,465,11,680,439,16,619,473,43,793,301,41,"1,135",,,,,,,,
HAN,,STONINGTON,324,273,14,268,331,12,290,305,16,355,240,16,303,267,41,395,186,30,611,,,,,,,,
HAN,,SULLIVAN,347,314,16,307,352,18,260,405,12,327,338,12,301,346,30,378,278,21,677,,,,,,,,
HAN,,SURRY,477,526,13,489,509,18,451,550,15,521,477,18,475,509,32,631,360,25,"1,016",,,,,,,,
HAN,,SWANS ISLAND,127,125,2,97,155,2,96,156,2,116,134,4,106,140,8,140,109,5,254,,,,,,,,
HAN,,T3 ND TWP,4,2,0,3,3,0,3,3,0,2,4,0,1,3,2,4,2,0,6,,,,,,,,
HAN,,T7 SD TWP,1,4,0,2,3,0,1,4,0,2,3,0,3,2,0,2,3,0,5,,,,,,,,
HAN,,T9 SD/T10 SD TWP,1,6,0,2,5,0,2,5,0,2,5,0,2,5,0,3,4,0,7,,,,,,,,
HAN,,T10 SD TWP,4,10,0,5,9,0,3,11,0,5,9,0,3,11,0,5,9,0,14,,,,,,,,
HAN,,T22 MD TWP,2,3,0,2,3,0,0,5,0,3,2,0,1,4,0,1,4,0,5,,,,,,,,
HAN,,TREMONT,512,417,14,473,457,13,491,442,10,562,370,11,518,389,36,608,303,32,943,,,,,,,,
HAN,,TRENTON,440,422,16,382,477,19,334,529,15,440,426,12,379,474,25,524,327,27,878,,,,,,,,
HAN,,VERONA ISLAND,142,168,4,147,165,2,94,217,3,155,157,2,143,157,14,164,142,8,314,,,,,,,,
HAN,,WALTHAM,79,129,2,62,146,2,31,178,1,72,138,0,69,135,6,85,123,2,210,,,,,,,,
HAN,,WINTER HARBOR,140,156,14,119,182,9,127,172,11,146,153,11,115,183,12,177,118,15,310,,,,,,,,
,,Total:,"16,476","16,090",489,"15,831","16,662",562,"15,135","17,521",399,"18,037","14,499",519,"16,382","15,568","1,105","20,240","11,895",920,"33,055",,,,,,,,
KEN,,ALBION,447,709,19,444,714,17,267,887,21,468,688,19,441,696,38,539,602,34,"1,175",,,,,,,,
KEN,*,AUGUSTA,"4,203","4,736",269,"4,847","4,070",297,"4,349","4,591",274,"5,064","3,875",275,"4,775","3,999",440,"5,633","3,184",397,"9,214",,,,,,,,
KEN,,BELGRADE,890,"1,136",23,879,"1,146",24,757,"1,271",21,982,"1,037",30,928,"1,079",42,"1,168",837,44,"2,049",,,,,,,,
KEN,*,BENTON,663,888,15,692,847,27,422,"1,126",18,644,892,30,651,861,54,779,741,46,"1,566",,,,,,,,
KEN,,CHELSEA,694,817,16,716,793,18,443,"1,069",15,694,816,17,670,815,42,785,716,26,"1,527",,,,,,,,
KEN,,CHINA,"1,172","1,317",27,"1,164","1,314",38,804,"1,686",26,"1,174","1,311",31,"1,142","1,295",79,"1,370","1,078",68,"2,516",,,,,,,,
KEN,,CLINTON,722,953,32,799,880,28,400,"1,278",29,762,921,24,734,920,53,889,779,39,"1,707",,,,,,,,
KEN,,FARMINGDALE,756,926,41,868,812,43,773,921,29,883,802,38,827,828,68,"1,012",655,56,"1,723",,,,,,,,
KEN,,FAYETTE,352,426,11,361,417,11,290,491,8,427,351,11,377,387,25,409,363,17,789,,,,,,,,
KEN,,GARDINER,"1,464","1,605",51,"1,581","1,487",52,"1,365","1,707",48,"1,661","1,408",51,"1,607","1,415",98,"1,811","1,227",82,"3,120",,,,,,,,
KEN,,HALLOWELL,873,755,31,"1,001",622,36,"1,113",513,33,"1,132",493,34,"1,016",576,67,"1,243",371,45,"1,659",,,,,,,,
KEN,,LITCHFIELD,"1,005","1,053",27,953,"1,098",34,651,"1,415",19,941,"1,123",21,"1,002","1,038",45,989,"1,051",45,"2,085",,,,,,,,
KEN,,MANCHESTER,712,937,30,739,916,24,756,898,25,795,853,31,823,805,51,986,650,43,"1,679",,,,,,,,
KEN,,MONMOUTH,"1,133","1,249",30,"1,099","1,286",27,823,"1,565",24,"1,092","1,293",27,"1,094","1,266",52,"1,295","1,079",38,"2,412",,,,,,,,
KEN,,MOUNT VERNON,517,535,12,488,565,11,415,634,15,545,505,14,534,508,22,592,453,19,"1,064",,,,,,,,
KEN,,OAKLAND,"1,620","1,914",62,"1,722","1,803",71,"1,380","2,154",62,"1,799","1,733",64,"1,688","1,795",113,"2,032","1,469",95,"3,596",,,,,,,,
KEN,,PITTSTON,778,917,28,781,913,29,521,"1,179",23,797,899,27,761,916,46,870,810,43,"1,723",,,,,,,,
KEN,,RANDOLPH,471,512,35,506,475,37,422,563,33,526,458,34,472,492,54,571,395,52,"1,018",,,,,,,,
KEN,,READFIELD,771,885,10,820,831,15,778,880,8,871,784,11,862,768,36,988,650,28,"1,666",,,,,,,,
KEN,,ROME,301,301,20,279,322,21,232,373,17,331,272,19,294,299,29,366,231,25,622,,,,,,,,
KEN,,SIDNEY,"1,055","1,588",23,"1,102","1,533",31,857,"1,791",18,"1,157","1,483",26,"1,141","1,458",67,"1,317","1,304",45,"2,666",,,,,,,,
KEN,,VASSALBORO,"1,088","1,348",44,"1,027","1,405",48,756,"1,685",39,"1,075","1,360",45,"1,042","1,362",76,"1,235","1,181",64,"2,480",,,,,,,,
KEN,,VIENNA,191,198,7,188,201,7,152,239,5,213,176,7,194,182,20,213,171,12,396,,,,,,,,
KEN,,WATERVILLE,"3,947","3,282",204,"4,458","2,758",217,"4,273","2,987",173,"4,474","2,746",213,"4,199","2,867",367,"4,714","2,376",343,"7,433",,,,,,,,
KEN,,WAYNE,398,407,10,378,425,12,379,427,9,484,322,9,461,335,19,553,247,15,815,,,,,,,,
KEN,,WEST GARDINER,926,"1,269",14,959,"1,232",18,709,"1,492",8,998,"1,196",15,968,"1,199",42,"1,091","1,077",41,"2,209",,,,,,,,
KEN,,WINDSOR,566,808,14,615,750,23,310,"1,064",14,607,761,20,597,757,34,680,673,35,"1,388",,,,,,,,
KEN,*,WINSLOW,"1,794","2,535",77,"2,048","2,268",90,"1,831","2,498",77,"2,036","2,290",80,"2,103","2,155",148,"2,494","1,795",117,"4,406",,,,,,,,
KEN,,WINTHROP,"1,677","1,954",77,"1,697","1,924",87,"1,631","2,005",72,"1,887","1,741",80,"1,834","1,740",134,"2,242","1,360",106,"3,708",,,,,,,,
,,Total:,"31,186","35,960","1,259","33,211","33,807","1,393","27,859","39,389","1,163","34,519","32,589","1,303","33,237","32,813","2,361","38,866","27,525","2,020","68,411",,,,,,,,
KNO,,APPLETON,447,412,15,406,451,17,332,530,12,459,401,14,419,419,36,428,410,36,874,,,,,,,,
KNO,,CAMDEN,"1,870","1,502",131,"1,978","1,394",131,"2,483",906,114,"2,415",965,123,"2,222","1,099",182,"2,650",658,195,"3,503",,,,,,,,
KNO,,CUSHING,453,414,15,434,432,16,368,501,13,485,383,14,404,445,33,520,334,28,882,,,,,,,,
KNO,,FRIENDSHIP,333,413,12,341,399,18,256,494,8,388,357,13,315,409,34,428,309,21,758,,,,,,,,
KNO,,HOPE,531,512,5,528,507,13,505,536,7,586,456,6,553,466,29,646,381,21,"1,048",,,,,,,,
KNO,,ISLE AU HAUT,49,14,3,46,16,4,36,29,1,51,11,4,43,16,7,55,5,6,66,,,,,,,,
KNO,,MATINICUS ISLE PLT,35,14,4,23,27,3,33,18,2,34,16,3,29,19,5,36,13,4,53,,,,,,,,
KNO,,NORTH HAVEN,119,173,9,173,118,10,161,134,6,218,72,11,181,103,17,203,86,12,301,,,,,,,,
KNO,,OWLS HEAD,459,559,20,464,550,24,515,509,14,583,437,18,490,505,43,663,345,30,"1,038",,,,,,,,
KNO,,ROCKLAND,"2,012","1,553",85,"2,223","1,326",101,"2,093","1,478",79,"2,371","1,189",90,"2,063","1,405",182,"2,464","1,017",169,"3,650",,,,,,,,
KNO,,ROCKPORT,"1,163","1,153",46,"1,208","1,104",50,"1,472",853,37,"1,442",879,41,"1,368",910,84,"1,623",670,69,"2,362",,,,,,,,
KNO,,SAINT GEORGE,877,781,31,910,735,44,876,789,24,"1,032",625,32,879,729,81,"1,159",473,57,"1,689",,,,,,,,
KNO,,SOUTH THOMASTON,483,424,19,479,433,14,465,441,20,530,377,19,470,420,36,600,304,22,926,,,,,,,,
KNO,,CRIEHAVEN TOWNSHIP,1,0,0,0,1,0,1,0,0,1,0,0,1,0,0,1,0,0,1,,,,,,,,
KNO,,THOMASTON,784,712,20,820,677,19,771,729,16,842,651,23,790,683,43,984,504,28,"1,516",,,,,,,,
KNO,,UNION,644,712,13,630,729,10,550,809,10,707,653,9,641,684,44,746,591,32,"1,369",,,,,,,,
KNO,,VINALHAVEN,469,302,16,421,347,19,451,324,12,542,234,11,462,297,28,562,202,23,787,,,,,,,,
KNO,,WARREN,"1,023","1,107",23,"1,029","1,095",29,742,"1,399",12,"1,011","1,120",22,958,"1,141",54,"1,117",983,53,"2,153",,,,,,,,
KNO,,WASHINGTON,410,524,16,442,498,10,263,675,12,472,468,10,458,465,27,483,447,20,950,,,,,,,,
,,Total:,"12,162","11,281",483,"12,555","10,839",532,"12,373","11,154",399,"14,169","9,294",463,"12,746","10,215",965,"15,368","7,732",826,"23,926",,,,,,,,
LIN,,ALNA,267,211,4,270,204,8,249,228,5,300,177,5,284,184,14,318,155,9,482,,,,,,,,
LIN,*,BOOTHBAY,"1,088",989,33,959,"1,114",40,931,"1,154",28,"1,160",912,41,"1,109",936,68,"1,415",658,40,"2,113",,,,,,,,
LIN,,BOOTHBAY HARBOR,700,676,17,690,676,27,785,591,17,845,528,20,730,610,53,"1,000",348,45,"1,393",,,,,,,,
LIN,,BREMEN,250,258,5,238,271,4,272,241,0,318,191,4,257,245,11,327,177,9,513,,,,,,,,
LIN,,BRISTOL,868,995,31,900,958,36,932,943,19,"1,109",754,31,943,884,67,"1,249",601,44,"1,894",,,,,,,,
LIN,,DAMARISCOTTA,736,611,25,783,562,27,804,552,16,893,451,28,763,560,49,954,377,41,"1,372",,,,,,,,
LIN,,DRESDEN,591,486,12,540,538,11,401,680,8,577,501,11,560,498,31,624,447,18,"1,089",,,,,,,,
LIN,,EDGECOMB,437,373,13,425,383,15,423,389,11,471,339,13,435,362,26,520,279,24,823,,,,,,,,
LIN,,JEFFERSON,670,927,16,689,907,17,490,"1,112",11,770,829,14,687,888,38,834,740,39,"1,613",,,,,,,,
LIN,,MONHEGAN ISLAND PLT,44,13,3,47,11,2,50,9,1,51,8,1,48,10,2,50,7,3,60,,,,,,,,
LIN,,NEWCASTLE,647,604,19,711,543,16,736,523,11,839,411,20,726,508,36,893,348,29,"1,270",,,,,,,,
LIN,,NOBLEBORO,556,609,11,551,614,11,506,662,8,603,560,13,530,614,32,715,441,20,"1,176",,,,,,,,
LIN,,SOMERVILLE,137,207,2,157,186,3,89,256,1,175,169,2,166,172,8,167,169,10,346,,,,,,,,
LIN,,SOUTH BRISTOL,308,311,11,278,340,12,313,309,8,360,258,12,317,290,23,406,203,21,630,,,,,,,,
LIN,,SOUTHPORT,179,246,6,178,247,6,231,194,6,225,199,7,202,212,17,285,138,8,431,,,,,,,,
LIN,,WALDOBORO,"1,339","1,401",94,"1,375","1,370",89,"1,051","1,698",85,"1,432","1,318",84,"1,342","1,358",134,"1,632","1,087",115,"2,834",,,,,,,,
LIN,,WESTPORT ISLAND,272,236,8,251,259,6,243,269,4,288,221,7,260,239,17,332,171,13,516,,,,,,,,
LIN,,WHITEFIELD,664,758,9,719,693,19,480,937,14,725,691,15,670,727,34,775,626,30,"1,431",,,,,,,,
LIN,*,WISCASSET,"1,117","1,098",39,"1,089","1,117",45,865,"1,350",36,"1,156","1,050",45,991,"1,177",83,"1,237",944,70,"2,251",,,,,,,,
,,Total:,"10,870","11,009",358,"10,850","10,993",394,"9,851","12,097",289,"12,297","9,567",373,"11,020","10,474",743,"13,733","7,916",588,"22,237",,,,,,,,
OXF,,ALBANY TWP,182,130,3,161,150,4,98,212,5,169,140,6,145,158,12,187,118,10,315,,,,,,,,
OXF,,ANDOVER,249,291,6,267,271,8,130,410,6,284,255,7,251,273,22,240,291,15,546,,,,,,,,
OXF,,BETHEL,883,803,26,851,829,32,730,964,18,893,789,30,907,765,40,"1,097",568,47,"1,712",,,,,,,,
OXF,,BROWNFIELD,491,373,14,437,429,12,320,549,9,497,369,12,420,427,31,494,359,25,878,,,,,,,,
OXF,,BUCKFIELD,525,575,12,465,633,14,292,810,10,457,638,17,453,643,16,476,619,17,"1,112",,,,,,,,
OXF,,BYRON,43,43,7,45,41,7,12,73,8,40,47,6,41,43,9,48,37,8,93,,,,,,,,
OXF,,CANTON,236,297,6,249,282,8,132,397,10,267,262,10,240,275,24,266,259,14,539,,,,,,,,
OXF,,DENMARK,380,357,15,341,394,17,284,459,9,395,341,16,373,342,37,418,299,35,752,,,,,,,,
OXF,,DIXFIELD,599,683,24,653,624,29,335,942,29,615,654,37,586,666,54,672,579,55,"1,306",,,,,,,,
OXF,,FRYEBURG,"1,003",794,36,994,797,42,813,986,34,"1,161",633,39,933,803,97,"1,128",630,75,"1,833",,,,,,,,
OXF,,GILEAD,62,53,3,61,55,2,41,75,2,73,43,2,73,40,5,69,44,5,118,,,,,,,,
OXF,,GREENWOOD,256,209,9,226,238,10,178,290,6,263,202,9,236,219,19,270,187,17,474,,,,,,,,
OXF,,HANOVER,85,102,2,86,101,2,73,115,1,104,83,2,97,90,2,112,75,2,189,,,,,,,,
OXF,,HARTFORD,306,347,2,267,385,3,156,495,4,295,356,4,280,354,21,301,343,11,655,,,,,,,,
OXF,,HEBRON,350,395,8,322,419,12,227,522,4,325,421,7,319,413,21,336,399,18,753,,,,,,,,
OXF,,HIRAM,450,398,9,448,389,20,276,573,8,447,392,18,421,402,34,461,369,27,857,,,,,,,,
OXF,,LINCOLN PLT,9,17,3,9,16,4,7,18,4,12,13,4,10,13,6,10,14,5,29,,,,,,,,
OXF,,LOVELL,365,340,11,371,334,11,319,386,11,410,291,15,353,319,44,452,231,33,716,,,,,,,,
OXF,,MAGALLOWAY PLT,9,9,0,3,15,0,1,17,0,7,11,0,6,12,0,5,13,0,18,,,,,,,,
OXF,*,MEXICO,695,659,8,764,578,20,426,925,11,814,531,17,714,609,39,796,538,28,"1,362",,,,,,,,
OXF,,MILTON TWP,43,44,1,36,51,1,20,67,1,37,50,1,28,57,3,38,48,2,88,,,,,,,,
OXF,,NEWRY,166,111,5,134,143,5,134,142,6,152,125,5,150,120,12,180,94,8,282,,,,,,,,
OXF,,NORWAY,"1,311","1,341",41,"1,356","1,293",44,"1,034","1,627",32,"1,389","1,261",43,"1,331","1,281",81,"1,493","1,129",71,"2,693",,,,,,,,
OXF,,OTISFIELD,526,553,15,528,549,17,394,691,9,551,529,14,528,530,36,562,505,27,"1,094",,,,,,,,
OXF,,OXFORD,"1,085","1,123",22,"1,042","1,171",17,645,"1,572",13,"1,075","1,140",15,968,"1,224",38,"1,050","1,144",36,"2,230",,,,,,,,
OXF,,PARIS,"1,342","1,364",46,"1,426","1,285",41,984,"1,733",35,"1,416","1,299",37,"1,335","1,334",83,"1,515","1,167",70,"2,752",,,,,,,,
OXF,,PERU,410,555,13,499,468,11,220,747,11,481,483,14,443,504,31,556,405,17,978,,,,,,,,
OXF,,PORTER,447,365,10,391,415,16,218,597,7,440,369,13,340,440,42,420,371,31,822,,,,,,,,
OXF,,ROXBURY,133,112,4,124,123,2,51,198,0,134,115,0,113,126,10,135,107,7,249,,,,,,,,
OXF,,RUMFORD,"1,406","1,483",35,"1,598","1,294",32,"1,034","1,861",29,"1,678","1,204",42,"1,415","1,417",92,"1,688","1,164",72,"2,924",,,,,,,,
OXF,,STONEHAM,88,83,5,74,96,6,64,108,4,93,79,4,79,86,11,102,64,10,176,,,,,,,,
OXF,,STOW,125,96,6,124,98,5,77,147,3,157,64,6,108,109,10,127,94,6,227,,,,,,,,
OXF,,SUMNER,275,278,6,263,289,7,141,415,3,274,280,5,256,287,16,275,274,10,559,,,,,,,,
OXF,,SWEDEN,132,120,4,127,126,3,112,142,2,149,104,3,133,114,9,163,88,5,256,,,,,,,,
OXF,,UPTON,25,33,2,24,34,2,9,48,3,30,29,1,25,32,3,22,35,3,60,,,,,,,,
OXF,,WATERFORD,494,431,22,446,479,22,327,607,13,483,442,22,445,467,35,519,402,26,947,,,,,,,,
OXF,,WEST PARIS,480,522,13,510,482,23,284,714,17,511,483,21,508,468,39,517,472,26,"1,015",,,,,,,,
OXF,,WOODSTOCK,362,408,26,367,401,28,237,531,28,379,392,25,396,355,45,394,365,37,796,,,,,,,,
,,Total:,"16,028","15,897",480,"16,089","15,777",539,"10,835","21,165",405,"16,957","14,919",529,"15,459","15,817","1,129","17,594","13,900",911,"32,405",,,,,,,,
PEN,*,ALTON,213,258,2,192,278,3,107,365,1,189,283,1,181,285,7,235,230,8,473,,,,,,,,
PEN,*,ARGYLE TOWNSHIP,35,51,0,37,48,1,13,71,2,38,48,0,28,54,4,45,38,3,86,,,,,,,,
PEN,*,BANGOR,"7,932","7,727",251,"8,618","6,951",343,"8,558","7,111",243,"8,630","7,005",277,"8,152","7,151",609,"9,929","5,448",535,"15,912",,,,,,,,
PEN,,BRADFORD,313,358,8,275,395,9,124,549,6,271,400,8,225,436,18,294,372,13,679,,,,,,,,
PEN,,BRADLEY,362,463,9,387,435,12,261,568,5,361,462,11,345,464,25,424,394,16,834,,,,,,,,
PEN,,BREWER,"2,279","2,941",84,"2,385","2,816",103,"2,204","3,016",84,"2,331","2,879",94,"2,322","2,805",177,"2,888","2,256",160,"5,304",,,,,,,,
PEN,,BURLINGTON,89,100,5,74,116,4,29,161,4,91,99,4,77,110,7,83,104,7,194,,,,,,,,
PEN,,GRAND FALLS TOWNSHIP,5,2,0,4,3,0,2,5,0,3,4,0,3,4,0,4,3,0,7,,,,,,,,
PEN,,CARMEL,685,935,12,662,956,14,386,"1,235",11,625,990,17,600,984,48,739,860,33,"1,632",,,,,,,,
PEN,,CARROLL PLT,25,69,1,36,58,1,16,78,1,43,51,1,31,62,2,27,67,1,95,,,,,,,,
PEN,,CHARLESTON,250,464,2,262,445,9,142,573,1,237,471,8,255,441,20,284,416,16,716,,,,,,,,
PEN,,CHESTER,117,203,12,115,203,14,62,261,9,118,202,12,118,199,15,153,165,14,332,,,,,,,,
PEN,,CLIFTON,254,258,6,232,281,5,153,362,3,230,285,3,228,277,13,239,264,15,518,,,,,,,,
PEN,,CORINNA,438,708,15,504,637,20,267,881,13,488,658,15,470,656,35,530,602,29,"1,161",,,,,,,,
PEN,*,CORINTH,537,977,17,550,959,22,307,"1,212",12,529,983,19,499,980,52,654,833,44,"1,531",,,,,,,,
PEN,,MATTAMISCONTIS TOWNSHIP,14,28,0,9,33,0,3,39,0,11,31,0,7,35,0,15,27,0,42,,,,,,,,
PEN,,DEXTER,768,"1,014",47,805,974,50,528,"1,255",46,838,941,50,723,"1,020",86,895,861,73,"1,829",,,,,,,,
PEN,,DIXMONT,326,414,6,314,423,9,185,557,4,319,418,9,276,450,20,378,354,14,746,,,,,,,,
PEN,,DREW PLT,11,12,1,3,21,0,1,23,0,6,18,0,6,18,0,4,20,0,24,,,,,,,,
PEN,,EAST MILLINOCKET,381,540,29,422,497,31,326,594,30,475,444,31,376,526,48,510,402,38,950,,,,,,,,
PEN,,EDDINGTON,633,715,19,559,785,23,415,936,16,567,779,21,532,789,46,597,733,37,"1,367",,,,,,,,
PEN,*,EDINBURG,19,56,0,28,46,1,12,63,0,24,51,0,18,57,0,29,46,0,75,,,,,,,,
PEN,,ENFIELD,371,476,6,369,471,13,229,618,6,444,402,7,365,466,22,423,415,15,853,,,,,,,,
PEN,,ETNA,301,343,13,290,352,15,155,489,13,279,362,16,269,368,20,304,332,21,657,,,,,,,,
PEN,,EXETER,236,308,6,216,329,5,128,418,4,239,305,6,201,333,16,281,257,12,550,,,,,,,,
PEN,,GARLAND,265,307,5,236,332,9,119,454,4,248,322,7,236,328,13,267,299,11,577,,,,,,,,
PEN,,GLENBURN,"1,104","1,481",21,"1,121","1,459",26,858,"1,725",23,"1,084","1,494",28,"1,137","1,417",52,"1,312","1,256",38,"2,606",,,,,,,,
PEN,,GREENBUSH,289,412,8,283,417,9,151,552,6,279,420,10,256,436,17,297,392,20,709,,,,,,,,
PEN,,HAMPDEN,"1,853","2,616",63,"1,902","2,560",70,"2,000","2,466",66,"1,959","2,497",76,"1,973","2,418",141,"2,631","1,782",119,"4,532",,,,,,,,
PEN,*,HERMON,"1,380","2,173",28,"1,384","2,155",49,"1,134","2,420",34,"1,275","2,265",48,"1,380","2,116",92,"1,832","1,684",72,"3,588",,,,,,,,
PEN,,HOLDEN,830,"1,196",24,746,"1,277",27,701,"1,327",22,823,"1,200",27,811,"1,192",47,"1,020",987,43,"2,050",,,,,,,,
PEN,,HOWLAND,305,375,18,313,364,21,199,482,17,344,338,16,279,386,33,342,331,25,698,,,,,,,,
PEN,*,HUDSON,334,415,9,268,477,13,146,604,8,275,472,11,276,456,26,321,413,24,758,,,,,,,,
PEN,,KENDUSKEAG,325,411,6,314,421,7,161,579,2,289,445,8,282,446,14,338,391,13,742,,,,,,,,
PEN,,KINGMAN TWP,27,42,2,25,44,2,15,54,2,41,28,2,23,44,4,22,44,5,71,,,,,,,,
PEN,,LAGRANGE,154,213,3,162,202,6,94,272,4,182,182,6,153,204,13,185,173,12,370,,,,,,,,
PEN,,LAKEVILLE,34,23,2,27,30,2,14,42,3,27,31,1,29,28,2,31,26,2,59,,,,,,,,
PEN,,LEE,179,353,2,198,328,8,104,423,7,212,311,11,174,339,21,216,304,14,534,,,,,,,,
PEN,,LEVANT,611,938,46,584,959,52,382,"1,173",40,571,975,49,572,939,84,690,845,60,"1,595",,,,,,,,
PEN,,LINCOLN,921,"1,579",33,"1,054","1,439",40,624,"1,872",37,"1,066","1,426",41,947,"1,512",74,"1,200","1,270",63,"2,533",,,,,,,,
PEN,,LOWELL,95,131,6,76,152,4,57,173,2,96,132,4,79,142,11,98,125,9,232,,,,,,,,
PEN,,MATTAWAMKEAG,142,197,23,144,194,24,77,267,18,168,176,18,127,211,24,180,159,23,362,,,,,,,,
PEN,,MAXFIELD,30,26,2,17,39,2,10,46,2,25,31,2,17,37,4,19,36,3,58,,,,,,,,
PEN,,MEDWAY,286,449,16,258,472,21,151,585,15,313,425,13,284,443,24,351,385,15,751,,,,,,,,
PEN,,GRINDSTONE/HERSEYTOWN/SOLDIERTOWN TWP,11,14,0,11,14,0,3,22,0,14,11,0,9,16,0,14,11,0,25,,,,,,,,
PEN,*,MILFORD,853,908,22,889,863,28,596,"1,163",21,816,935,29,812,910,58,969,763,48,"1,780",,,,,,,,
PEN,,MILLINOCKET,916,"1,316",53,"1,101","1,137",47,820,"1,421",44,"1,193","1,050",42,952,"1,270",63,"1,303",920,62,"2,285",,,,,,,,
PEN,,MOUNT CHASE,52,53,2,45,61,1,18,88,1,52,53,2,37,68,2,46,59,2,107,,,,,,,,
PEN,,MILLINOCKET PENOBSCOT TOWNSHIPS,79,56,1,56,78,2,45,90,1,69,66,1,60,71,5,85,47,4,136,,,,,,,,
PEN,,T5 R7 TWP/T5 R8 TWP/T6 R8 TWPS,1,11,0,2,10,0,2,10,0,4,8,0,2,10,0,7,5,0,12,,,,,,,,
PEN,,NEWBURGH,426,531,9,400,553,13,275,686,5,411,550,5,381,557,28,480,467,19,966,,,,,,,,
PEN,,NEWPORT,742,989,39,771,955,44,560,"1,175",35,770,953,47,708,988,74,904,806,60,"1,770",,,,,,,,
PEN,*,OLD TOWN,"2,008","1,938",65,"2,183","1,749",83,"1,802","2,151",62,"2,016","1,923",76,"2,037","1,838",140,"2,382","1,500",133,"4,015",,,,,,,,
PEN,,ORONO,"3,446","2,039",71,"3,435","2,005",116,"3,523","1,977",56,"3,202","2,261",93,"3,507","1,858",191,"3,646","1,677",233,"5,556",,,,,,,,
PEN,,ORRINGTON,"1,063","1,331",21,"1,017","1,372",26,810,"1,580",25,975,"1,416",24,"1,034","1,326",55,"1,202","1,162",51,"2,415",,,,,,,,
PEN,,PASSADUMKEAG,84,137,3,83,137,4,38,183,3,77,144,3,84,132,8,88,130,6,224,,,,,,,,
PEN,,PATTEN,160,342,9,196,302,13,133,365,13,234,260,17,159,325,27,229,257,25,511,,,,,,,,
PEN,,PRENTISS TWP T7 R3 NBPP,43,55,0,42,55,1,15,83,0,55,42,1,35,60,3,40,53,5,98,,,,,,,,
PEN,*,PENOBSCOT NATION VOTING DISTRICT,179,101,4,206,71,7,155,125,4,197,80,7,178,94,12,186,80,18,284,,,,,,,,
PEN,,PLYMOUTH,321,414,13,325,402,21,148,586,14,302,424,22,251,464,33,340,379,29,748,,,,,,,,
PEN,,SEBOEIS PLT,14,21,0,17,18,0,11,24,0,17,18,0,16,18,1,18,17,0,35,,,,,,,,
PEN,,SPRINGFIELD,64,110,4,54,121,3,25,148,5,84,91,3,40,131,7,69,103,6,178,,,,,,,,
PEN,,STACYVILLE,79,115,5,64,128,7,38,157,4,71,123,5,56,124,19,61,123,15,199,,,,,,,,
PEN,,STETSON,340,387,5,307,418,7,181,545,6,288,439,5,277,433,22,332,383,17,732,,,,,,,,
PEN,,HERSEYTOWN TWP,4,10,1,3,12,0,2,13,0,4,11,0,6,8,1,5,10,0,15,,,,,,,,
PEN,,VEAZIE,552,605,11,577,574,17,584,572,12,582,574,12,569,567,32,714,424,30,"1,168",,,,,,,,
PEN,,WEBSTER PLT,23,9,0,15,17,0,8,24,0,20,11,1,14,18,0,15,17,0,32,,,,,,,,
PEN,,WINN,73,126,2,65,133,3,29,170,2,84,116,1,59,136,6,79,119,3,201,,,,,,,,
PEN,,WOODVILLE,39,91,1,45,84,2,12,118,1,47,83,1,34,95,2,39,91,1,131,,,,,,,,
,,Total:,"37,330","44,466","1,209","38,369","43,102","1,544","31,443","50,432","1,140","38,247","43,383","1,385","36,659","43,581","2,775","44,569","36,004","2,442","83,015",,,,,,,,
PIS,,ABBOT,180,217,11,144,254,10,71,330,7,165,233,10,134,254,20,186,210,12,408,,,,,,,,
PIS,,ATKINSON,89,95,4,67,117,4,40,145,3,75,108,5,66,114,8,85,95,8,188,,,,,,,,
PIS,,BEAVER COVE,37,63,1,28,72,1,33,67,1,43,56,2,37,60,4,54,46,1,101,,,,,,,,
PIS,,BOWERBANK,30,62,1,29,63,1,24,69,0,34,58,1,34,57,2,47,43,3,93,,,,,,,,
PIS,,BROWNVILLE,302,297,12,282,318,11,152,450,9,285,311,15,270,317,24,316,271,24,611,,,,,,,,
PIS,,BARNARD TWP/EBEEMEE TWP/T4 R9 NWP/WILLIAMSBURG TWP,47,55,2,37,64,3,23,80,1,46,57,1,42,60,2,47,54,3,104,,,,,,,,
PIS,,DOVER-FOXCROFT,877,"1,275",24,978,"1,166",32,707,"1,451",18,"1,005","1,148",23,984,"1,141",51,"1,183",950,43,"2,176",,,,,,,,
PIS,,GREENVILLE,535,579,14,393,721,14,355,761,12,510,603,15,445,652,31,582,520,26,"1,128",,,,,,,,
PIS,,GUILFORD,299,395,8,292,396,14,169,525,8,292,399,11,284,394,24,357,330,15,702,,,,,,,,
PIS,,KINGSBURY PLT,9,10,0,9,9,1,3,16,0,10,9,0,5,13,1,13,5,1,19,,,,,,,,
PIS,,LAKE VIEW PLT,34,39,0,28,43,2,18,54,1,31,41,1,22,49,2,42,29,2,73,,,,,,,,
PIS,,MEDFORD,94,57,1,64,86,2,27,124,1,63,88,1,66,81,5,54,94,4,152,,,,,,,,
PIS,,MILLINOCKET PISCATAQUS TOWNSHIPS,26,41,0,20,46,1,10,57,0,24,43,0,26,41,0,26,41,0,67,,,,,,,,
PIS,,MILO/ORNEVILLE TWP,525,681,33,589,617,33,336,876,27,586,626,27,524,668,47,623,579,37,"1,239",,,,,,,,
PIS,*,MONSON,236,234,4,184,281,9,112,361,1,224,242,8,189,274,11,222,241,11,474,,,,,,,,
PIS,,PARKMAN,229,261,8,219,272,7,108,383,7,200,288,10,193,289,16,218,270,10,498,,,,,,,,
PIS,,SANGERVILLE,296,427,8,302,418,11,178,547,6,309,410,12,279,433,19,335,381,15,731,,,,,,,,
PIS,,SEBEC,151,238,6,150,238,7,75,317,3,162,228,5,129,257,9,188,199,8,395,,,,,,,,
PIS,,SHIRLEY,70,78,2,58,88,4,33,114,3,64,82,4,56,87,7,67,77,6,150,,,,,,,,
PIS,,T10 R15 WELS,1,0,0,0,1,0,0,1,0,0,1,0,0,1,0,0,1,0,1,,,,,,,,
PIS,,WELLINGTON,50,68,2,52,66,2,30,90,0,55,62,3,36,80,4,60,56,4,120,,,,,,,,
PIS,,WILLIMANTIC,33,54,1,23,65,0,16,72,0,31,57,0,20,67,1,35,52,1,88,,,,,,,,
,,Total:,"4,150","5,226",142,"3,948","5,401",169,"2,520","6,890",108,"4,214","5,150",154,"3,841","5,389",288,"4,740","4,544",234,"9,518",,,,,,,,
SAG,,ARROWSIC,200,148,3,180,166,5,229,119,3,231,118,2,210,138,3,265,82,4,351,,,,,,,,
SAG,*,BATH,"2,716","2,027",82,"2,850","1,891",82,"2,825","1,932",66,"3,092","1,645",86,"2,775","1,905",143,"3,320","1,384",119,"4,823",,,,,,,,
SAG,,BOWDOIN,842,910,12,756,990,18,576,"1,179",9,799,954,11,764,951,49,900,832,32,"1,764",,,,,,,,
SAG,,BOWDOINHAM,"1,016",844,25,917,935,33,848,"1,022",15,"1,025",838,22,983,853,49,"1,145",693,47,"1,885",,,,,,,,
SAG,,GEORGETOWN,436,323,10,378,384,7,390,374,5,451,311,7,384,355,30,505,249,15,769,,,,,,,,
SAG,,PHIPPSBURG,754,677,9,690,736,14,639,793,8,771,653,16,724,672,44,916,491,33,"1,440",,,,,,,,
SAG,*,RICHMOND,"1,017",903,17,978,936,25,690,"1,234",15,"1,003",916,20,958,937,44,"1,113",791,35,"1,939",,,,,,,,
SAG,,TOPSHAM,"3,051","2,975",79,"3,043","2,954",108,"3,379","2,648",78,"3,399","2,609",97,"3,255","2,679",171,"3,940","2,005",160,"6,105",,,,,,,,
SAG,,WEST BATH,637,603,17,590,645,22,620,620,17,669,563,25,571,640,46,751,467,39,"1,257",,,,,,,,
SAG,,WOOLWICH,991,"1,003",29,931,"1,061",31,806,"1,188",29,"1,006",981,36,906,"1,068",49,"1,173",805,45,"2,023",,,,,,,,
,,Total:,"11,660","10,413",283,"11,313","10,698",345,"11,002","11,109",245,"12,446","9,588",322,"11,530","10,198",628,"14,028","7,799",529,"22,356",,,,,,,,
SOM,,ANSON,588,573,14,542,619,14,286,883,6,572,593,10,549,593,33,579,570,26,"1,175",,,,,,,,
SOM,,ATHENS,220,275,6,225,266,10,94,401,6,222,271,8,200,279,22,240,242,19,501,,,,,,,,
SOM,,BINGHAM,244,286,14,246,286,12,132,404,8,251,279,14,221,301,22,300,220,24,544,,,,,,,,
SOM,,BRIGHTON PLT,24,25,0,21,27,1,8,41,0,28,20,1,28,21,0,27,20,2,49,,,,,,,,
SOM,,CAMBRIDGE,87,178,4,93,172,4,53,213,3,97,169,3,92,170,7,105,157,7,269,,,,,,,,
SOM,,CANAAN,533,606,17,537,608,11,269,872,15,536,608,12,508,612,36,553,585,18,"1,156",,,,,,,,
SOM,,CARATUNK,20,30,0,26,23,1,14,36,0,23,27,0,23,25,2,32,16,2,50,,,,,,,,
SOM,,CORNVILLE,319,395,18,289,425,18,178,536,18,295,419,18,281,416,35,341,362,29,732,,,,,,,,
SOM,,DENNISTOWN PLT,3,22,1,9,16,1,4,22,0,4,22,0,9,16,1,7,18,1,26,,,,,,,,
SOM,,DETROIT,195,210,10,180,225,10,98,310,7,189,213,13,175,224,16,221,180,14,415,,,,,,,,
SOM,,EMBDEN,263,270,2,233,297,5,134,394,7,262,262,11,241,279,15,259,262,14,535,,,,,,,,
SOM,,FAIRFIELD,"1,531","1,801",50,"1,623","1,700",59,"1,099","2,241",42,"1,569","1,758",55,"1,588","1,707",87,"1,750","1,545",87,"3,382",,,,,,,,
SOM,,HARMONY,217,268,8,191,295,7,102,388,3,225,262,6,210,270,13,221,256,16,493,,,,,,,,
SOM,,HARTLAND,372,502,14,375,493,20,181,687,20,374,493,21,338,514,36,398,463,27,888,,,,,,,,
SOM,,HIGHLAND PLT,61,56,1,45,73,0,27,91,0,62,56,0,55,61,2,56,60,2,118,,,,,,,,
SOM,,JACKMAN,241,299,4,208,325,11,94,448,2,226,308,10,185,336,23,255,268,21,544,,,,,,,,
SOM,,MADISON,"1,085","1,187",34,"1,080","1,195",31,645,"1,641",20,"1,094","1,185",27,"1,049","1,192",65,"1,153","1,098",55,"2,306",,,,,,,,
SOM,,MERCER,191,228,5,195,223,6,109,311,4,197,223,4,192,218,14,230,184,10,424,,,,,,,,
SOM,,MOOSE RIVER,26,93,0,39,79,1,6,113,0,45,73,1,33,85,1,51,67,1,119,,,,,,,,
SOM,,MOSCOW,124,136,3,132,130,1,45,214,4,122,136,5,101,152,10,155,103,5,263,,,,,,,,
SOM,,NEW PORTLAND,245,193,4,210,228,4,96,344,2,214,221,7,212,214,16,247,184,11,442,,,,,,,,
SOM,*,NORRIDGEWOCK,835,979,26,867,940,33,496,"1,323",21,863,947,30,816,959,65,918,860,62,"1,840",,,,,,,,
SOM,,LEXINGTON TWP/SPRING LAKE TWP,7,13,1,8,13,0,4,17,0,10,11,0,11,10,0,11,10,0,21,,,,,,,,
SOM,,PALMYRA,455,606,28,441,622,26,228,838,23,477,589,23,394,656,39,537,516,36,"1,089",,,,,,,,
SOM,,PITTSFIELD,886,"1,071",23,901,"1,053",26,662,"1,291",27,935,"1,021",24,825,"1,105",50,"1,076",855,49,"1,980",,,,,,,,
SOM,,PLEASANT RIDGE PLT,19,32,0,17,34,0,7,44,0,21,30,0,15,36,0,26,25,0,51,,,,,,,,
SOM,,RIPLEY,99,166,4,94,175,0,58,209,2,108,159,2,87,175,7,110,153,6,269,,,,,,,,
SOM,,ROCKWOOD STRIP TWP,87,134,3,74,148,2,60,162,2,114,109,1,87,127,10,123,96,5,224,,,,,,,,
SOM,,SAINT ALBANS,460,688,15,491,652,20,229,920,14,488,662,13,427,707,29,513,622,28,"1,163",,,,,,,,
SOM,*,SKOWHEGAN,"1,887","2,162",106,"2,008","2,023",124,"1,375","2,668",112,"1,995","2,054",106,"1,936","2,059",160,"2,209","1,796",150,"4,155",,,,,,,,
SOM,,SMITHFIELD,288,320,16,261,349,14,176,432,16,265,343,16,272,321,31,321,282,21,624,,,,,,,,
SOM,,SOLON,295,307,5,267,332,8,155,448,4,305,294,8,282,307,18,307,289,11,607,,,,,,,,
SOM,,STARKS,167,185,5,195,158,4,100,253,4,187,163,7,182,165,10,194,158,5,357,,,,,,,,
SOM,,CONCORD TOWNSHIP,1,2,0,0,3,0,0,3,0,1,2,0,1,2,0,2,1,0,3,,,,,,,,
SOM,,THE FORKS PLT,23,20,1,22,22,0,4,40,0,22,22,0,24,19,1,26,17,1,44,,,,,,,,
SOM,,WEST FORKS PLT,22,27,0,20,29,0,5,44,0,16,32,1,25,24,0,26,23,0,49,,,,,,,,
,,Total:,"12,120","14,345",442,"12,165","14,258",484,"7,233","19,282",392,"12,414","14,036",457,"11,674","14,357",876,"13,579","12,563",765,"26,907",,,,,,,,
WAL,,BELFAST,"2,056","1,811",131,"2,291","1,566",141,"2,199","1,685",114,"2,557","1,325",116,"2,234","1,567",197,"2,551","1,265",182,"3,998",,,,,,,,
WAL,,BELMONT,250,316,11,266,305,6,183,386,8,280,287,10,240,318,19,271,292,14,577,,,,,,,,
WAL,,BROOKS,251,323,7,280,290,11,168,405,8,280,287,14,235,331,15,296,265,20,581,,,,,,,,
WAL,,BURNHAM,301,359,29,310,346,33,179,483,27,312,345,32,263,378,48,303,347,39,689,,,,,,,,
WAL,,FRANKFORT,294,366,11,284,372,15,160,507,4,300,364,7,275,373,23,325,318,28,671,,,,,,,,
WAL,,FREEDOM,204,230,6,210,226,4,144,289,7,216,218,6,214,204,22,243,187,10,440,,,,,,,,
WAL,,ISLESBORO,273,152,5,241,180,9,259,164,7,308,111,11,270,140,20,322,96,12,430,,,,,,,,
WAL,,JACKSON,175,154,5,170,156,8,98,232,4,159,169,6,149,172,13,177,147,10,334,,,,,,,,
WAL,,KNOX,198,258,3,181,272,6,98,356,5,184,269,6,175,273,11,154,296,9,459,,,,,,,,
WAL,,LIBERTY,265,292,9,288,270,8,214,342,10,316,245,5,246,298,22,305,248,13,566,,,,,,,,
WAL,,LINCOLNVILLE,837,703,34,859,687,28,810,739,25,943,603,28,899,620,55,"1,080",451,43,"1,574",,,,,,,,
WAL,*,MONROE,291,268,2,282,273,6,186,371,4,289,270,2,245,305,11,321,229,11,561,,,,,,,,
WAL,,MONTVILLE,314,327,6,322,316,9,241,403,3,343,298,6,332,290,25,343,284,20,647,,,,,,,,
WAL,,MORRILL,187,350,14,222,315,14,153,385,13,222,310,19,218,305,28,260,267,24,551,,,,,,,,
WAL,,NORTHPORT,507,512,18,540,477,20,505,525,7,595,431,11,549,456,32,632,376,29,"1,037",,,,,,,,
WAL,,PALERMO,353,510,27,377,487,26,258,609,23,392,473,25,380,472,38,456,399,35,890,,,,,,,,
WAL,,PROSPECT,186,228,4,190,225,3,105,313,0,205,210,3,183,225,10,211,203,4,418,,,,,,,,
WAL,,SEARSMONT,451,390,12,449,385,19,299,545,9,437,397,19,406,414,33,457,364,32,853,,,,,,,,
WAL,,SEARSPORT,711,832,27,836,705,29,639,911,20,859,683,28,742,763,65,919,604,47,"1,570",,,,,,,,
WAL,,STOCKTON SPRINGS,424,587,10,469,539,13,398,620,3,535,474,12,460,540,21,571,434,16,"1,021",,,,,,,,
WAL,,SWANVILLE,388,392,19,377,402,20,254,533,12,372,406,21,361,410,28,393,384,22,799,,,,,,,,
WAL,,THORNDIKE,187,245,10,213,222,7,142,294,6,199,235,8,204,222,16,223,209,10,442,,,,,,,,
WAL,,TROY,280,284,10,291,272,11,172,395,7,297,267,10,269,287,18,293,264,17,574,,,,,,,,
WAL,,UNITY,489,565,16,591,464,15,392,665,13,599,452,19,553,483,34,596,430,44,"1,070",,,,,,,,
WAL,,WALDO,229,253,7,243,232,14,141,342,6,254,229,6,207,263,19,240,233,16,489,,,,,,,,
WAL,,WINTERPORT,"1,028","1,182",20,994,"1,208",28,796,"1,416",18,"1,031","1,174",25,953,"1,225",52,"1,150","1,041",39,"2,230",,,,,,,,
,,Total:,"11,129","11,889",453,"11,776","11,192",503,"9,193","13,915",363,"12,484","10,532",455,"11,262","11,334",875,"13,092","9,633",746,"23,471",,,,,,,,
WAS,,ADDISON,305,367,8,262,408,10,184,490,6,343,332,5,261,400,19,349,315,16,680,,,,,,,,
WAS,,ALEXANDER,122,186,5,123,185,5,69,240,4,141,168,4,113,188,12,142,161,10,313,,,,,,,,
WAS,,BAILEYVILLE,357,343,7,339,355,13,155,547,5,393,303,11,324,364,19,365,326,16,707,,,,,,,,
WAS,,BARING PLT,62,63,2,55,69,3,46,80,1,65,59,3,58,66,3,74,49,4,127,,,,,,,,
WAS,,BEALS,127,158,3,114,169,5,102,178,8,148,134,6,101,170,17,160,114,14,288,,,,,,,,
WAS,,BEDDINGTON,17,20,0,12,25,0,9,28,0,15,22,0,13,24,0,22,15,0,37,,,,,,,,
WAS,,CALAIS,737,735,33,770,700,35,563,908,34,812,657,36,631,795,79,860,586,59,"1,505",,,,,,,,
WAS,,CHARLOTTE,69,115,1,88,94,3,43,139,3,99,83,3,74,104,7,105,74,6,185,,,,,,,,
WAS,,CHERRYFIELD,274,372,5,293,348,10,193,449,9,331,309,11,264,366,21,311,322,18,651,,,,,,,,
WAS,,COLUMBIA,104,116,0,71,145,4,30,190,0,89,130,1,66,149,5,93,123,4,220,,,,,,,,
WAS,,COLUMBIA FALLS,146,152,4,114,180,8,69,230,3,134,165,3,105,189,8,151,147,4,302,,,,,,,,
WAS,,COOPER,44,51,0,35,60,0,22,73,0,40,55,0,34,61,0,54,41,0,95,,,,,,,,
WAS,,CRAWFORD,26,42,5,24,45,4,17,53,3,31,38,4,25,42,6,25,41,7,73,,,,,,,,
WAS,,CUTLER,106,187,4,100,190,7,76,218,3,135,156,6,103,170,24,117,159,21,297,,,,,,,,
WAS,,CENTERVILLE TWP,3,15,0,6,12,0,1,17,0,3,15,0,4,14,0,5,13,0,18,,,,,,,,
WAS,,CATHANCE TWP,4,7,0,2,9,0,1,10,0,3,8,0,5,6,0,6,5,0,11,,,,,,,,
WAS,,DANFORTH,142,221,10,156,206,11,69,294,10,186,177,10,138,218,17,155,201,17,373,,,,,,,,
WAS,,DEBLOIS,18,20,1,10,29,0,6,33,0,13,26,0,13,26,0,19,20,0,39,,,,,,,,
WAS,,DENNYSVILLE,159,176,3,162,173,3,77,260,1,158,176,4,138,188,12,188,139,11,338,,,,,,,,
WAS,,EAST MACHIAS,330,380,17,312,394,21,197,511,19,340,367,20,314,383,30,376,322,29,727,,,,,,,,
WAS,,EASTPORT,426,366,23,477,311,27,416,376,23,531,260,24,420,358,37,579,202,34,815,,,,,,,,
WAS,,BERRY TWP/CATHANCE TWP/MARION TWP,17,16,0,14,19,0,10,23,0,15,18,0,15,18,0,15,18,0,33,,,,,,,,
WAS,,GRAND LAKE STREAM PLT,48,54,0,42,59,1,21,79,2,46,54,2,43,53,6,54,46,2,102,,,,,,,,
WAS,,HARRINGTON,241,258,2,187,309,5,125,373,3,251,246,4,201,289,11,256,235,10,501,,,,,,,,
WAS,,INDIAN TOWNSHIP,196,79,6,174,97,10,96,178,7,209,65,7,149,108,24,169,92,20,281,,,,,,,,
WAS,,JONESBORO,148,189,4,160,178,3,102,237,2,183,155,3,139,199,3,197,137,7,341,,,,,,,,
WAS,,JONESPORT,313,367,8,251,425,12,216,463,9,358,316,14,257,399,32,373,292,23,688,,,,,,,,
WAS,,LUBEC,422,379,22,445,358,20,338,465,20,538,264,21,414,377,32,535,262,26,823,,,,,,,,
WAS,,MACHIAS,486,501,12,511,475,13,395,594,10,549,440,10,469,492,38,613,355,31,999,,,,,,,,
WAS,,MACHIASPORT,219,275,12,199,292,15,168,328,10,271,223,12,206,272,28,266,211,29,506,,,,,,,,
WAS,,MARSHFIELD,117,193,7,120,193,4,86,227,4,137,176,4,121,190,6,172,141,4,317,,,,,,,,
WAS,,MEDDYBEMPS,48,55,2,38,65,2,23,81,1,47,56,2,34,69,2,47,57,1,105,,,,,,,,
WAS,,MILBRIDGE,311,367,17,332,351,12,289,398,8,375,308,12,324,344,27,406,261,28,695,,,,,,,,
WAS,,NORTHFIELD,54,51,3,31,73,4,28,78,2,42,63,3,38,67,3,55,49,4,108,,,,,,,,
WAS,,PEMBROKE,222,264,14,231,260,9,158,334,8,283,208,9,224,253,23,278,207,15,500,,,,,,,,
WAS,,PERRY,241,225,5,228,238,5,149,318,4,257,209,5,211,251,9,274,191,6,471,,,,,,,,
WAS,,PLEASANT POINT VOTING DISTRICT,169,78,8,174,73,8,121,126,8,193,56,6,158,76,21,157,80,18,255,,,,,,,,
WAS,,PRINCETON,228,281,1,208,298,4,87,419,4,239,268,3,176,319,15,231,269,10,510,,,,,,,,
WAS,,ROBBINSTON,176,148,6,161,159,10,106,216,8,184,137,9,156,156,18,198,116,16,330,,,,,,,,
WAS,,ROQUE BLUFFS,82,91,0,79,93,1,84,89,0,108,64,1,89,82,2,114,58,1,173,,,,,,,,
WAS,,STEUBEN,313,315,12,295,326,19,212,414,14,325,298,17,269,331,40,343,265,32,640,,,,,,,,
WAS,,TALMADGE,25,15,0,20,20,0,6,34,0,24,16,0,19,21,0,19,21,0,40,,,,,,,,
WAS,,TOPSFIELD,42,79,0,39,82,0,20,101,0,42,79,0,38,83,0,40,81,0,121,,,,,,,,
WAS,,VANCEBORO,45,48,2,45,49,1,24,69,2,56,36,3,43,50,2,45,48,2,95,,,,,,,,
WAS,,WAITE,22,28,1,21,30,0,10,40,1,26,24,1,16,33,2,18,33,0,51,,,,,,,,
WAS,,WESLEY,32,50,1,26,54,3,15,67,1,32,49,2,28,50,5,39,38,6,83,,,,,,,,
WAS,,WHITING,143,189,3,151,181,3,118,215,2,185,147,3,155,172,8,183,146,6,335,,,,,,,,
WAS,,WHITNEYVILLE,65,49,1,52,63,0,21,94,0,65,50,0,51,64,0,65,49,1,115,,,,,,,,
WAS,,T26 ED BPP TOWNSHIP,0,3,0,0,3,0,0,3,0,0,3,0,0,3,0,0,1,2,3,,,,,,,,
,,Total:,"8,003","8,739",280,"7,759","8,930",333,"5,373","11,387",262,"9,050","7,668",304,"7,247","9,102",673,"9,318","7,134",570,"17,022",,,,,,,,
YOR,,ACTON,832,651,14,681,795,21,626,861,10,836,638,23,712,731,54,833,616,48,"1,497",,,,,,,,
YOR,,ALFRED,880,956,37,922,918,33,886,961,26,"1,041",795,37,916,889,68,"1,095",729,49,"1,873",,,,,,,,
YOR,,ARUNDEL,"1,373","1,126",37,"1,250","1,247",39,"1,211","1,299",26,"1,333","1,175",28,"1,236","1,211",89,"1,451","1,011",74,"2,536",,,,,,,,
YOR,,BERWICK,"2,222","1,696",87,"2,118","1,783",104,"1,960","1,964",81,"2,296","1,615",94,"2,025","1,785",195,"2,376","1,441",188,"4,005",,,,,,,,
YOR,,BIDDEFORD,"5,568","4,544",201,"6,012","4,071",230,"6,265","3,880",168,"6,480","3,641",192,"5,690","4,234",389,"6,376","3,567",370,"10,313",,,,,,,,
YOR,*,BUXTON,"2,593","2,284",22,"2,344","2,503",51,"1,941","2,938",19,"2,501","2,352",45,"2,373","2,417",108,"2,689","2,095",114,"4,898",,,,,,,,
YOR,,CORNISH,424,406,6,399,424,13,287,542,7,433,388,15,384,426,26,429,381,26,836,,,,,,,,
YOR,,DAYTON,625,636,9,552,700,18,491,771,8,612,641,17,593,645,32,669,579,22,"1,270",,,,,,,,
YOR,,ELIOT,"2,414","1,896",43,"2,287","2,006",60,"2,751","1,564",38,"2,854","1,449",50,"2,368","1,825",160,"3,006","1,213",134,"4,353",,,,,,,,
YOR,*,HOLLIS,"1,362","1,247",31,"1,312","1,286",42,"1,011","1,600",29,"1,343","1,257",40,"1,307","1,263",70,"1,555","1,034",51,"2,640",,,,,,,,
YOR,,KENNEBUNK,"3,848","3,578",224,"3,824","3,564",262,"5,192","2,258",200,"4,711","2,695",244,"4,264","2,925",461,"5,294","1,972",384,"7,650",,,,,,,,
YOR,,KENNEBUNKPORT,"1,276","1,200",26,"1,126","1,332",44,"1,705",773,24,"1,528",937,37,"1,353","1,058",91,"1,764",658,80,"2,502",,,,,,,,
YOR,,KITTERY,"3,450","2,171",127,"3,302","2,292",154,"4,112","1,528",108,"4,118","1,509",121,"3,294","2,167",287,"4,037","1,423",288,"5,748",,,,,,,,
YOR,*,LEBANON,"1,774","1,392",32,"1,644","1,520",34,"1,185","1,992",21,"1,778","1,387",33,"1,520","1,578",100,"1,747","1,351",100,"3,198",,,,,,,,
YOR,,LIMERICK,892,768,12,839,820,13,644,"1,020",8,875,783,14,780,850,42,929,713,30,"1,672",,,,,,,,
YOR,*,LIMINGTON,"1,122",959,13,910,"1,163",21,639,"1,438",17,993,"1,074",27,888,"1,147",59,"1,052",992,50,"2,094",,,,,,,,
YOR,*,LYMAN,"1,355","1,209",53,"1,311","1,255",51,"1,061","1,505",51,"1,412","1,145",60,"1,289","1,228",100,"1,532","1,007",78,"2,617",,,,,,,,
YOR,,NEWFIELD,447,416,9,404,459,9,277,592,3,503,364,5,410,436,26,437,416,19,872,,,,,,,,
YOR,*,NORTH BERWICK,"1,522","1,338",36,"1,427","1,417",53,"1,303","1,561",33,"1,625","1,224",48,"1,468","1,330",99,"1,768","1,039",90,"2,897",,,,,,,,
YOR,,OGUNQUIT,505,393,23,461,431,29,717,188,16,607,295,19,485,381,55,691,194,36,921,,,,,,,,
YOR,,OLD ORCHARD BEACH,"3,168","2,351",80,"3,128","2,368",103,"3,626","1,905",68,"3,648","1,876",75,"3,146","2,265",188,"3,753","1,662",184,"5,599",,,,,,,,
YOR,,PARSONSFIELD,518,495,14,533,476,18,346,667,14,556,451,20,464,525,38,519,464,44,"1,027",,,,,,,,
YOR,,SACO,"5,996","4,936",79,"5,875","5,006",130,"6,815","4,097",99,"6,514","4,371",126,"6,085","4,613",313,"6,934","3,803",274,"11,011",,,,,,,,
YOR,*,SANFORD,"5,513","4,686",161,"5,538","4,591",233,"5,174","5,009",179,"6,046","4,110",206,"5,396","4,486",480,"5,942","4,024",396,"10,362",,,,,,,,
YOR,,SHAPLEIGH,825,736,7,739,815,14,575,982,11,829,727,12,743,781,44,868,668,32,"1,568",,,,,,,,
YOR,,SOUTH BERWICK,"2,389","1,736",140,"2,319","1,826",120,"2,577","1,565",123,"2,669","1,485",111,"2,401","1,658",206,"2,735","1,329",201,"4,265",,,,,,,,
YOR,*,WATERBORO,"2,216","1,757",25,"1,906","2,049",45,"1,447","2,520",33,"2,076","1,885",39,"1,905","1,995",100,"2,103","1,814",83,"4,000",,,,,,,,
YOR,,WELLS,"3,443","3,262",88,"3,459","3,225",109,"4,081","2,641",71,"3,942","2,750",101,"3,479","3,056",258,"4,381","2,160",252,"6,793",,,,,,,,
YOR,,YORK,"4,272","4,613",143,"4,515","4,321",192,"6,480","2,398",150,"6,044","2,821",163,"4,845","3,688",495,"6,602","2,049",377,"9,028",,,,,,,,
,,Total:,"62,824","53,438","1,779","61,137","54,663","2,245","65,385","51,019","1,641","70,203","45,840","2,002","61,819","51,593","4,633","73,567","40,404","4,074","118,045",,,,,,,,
,,STATEWIDE UOCAVA,"2,772",990,103,"2,844",883,138,"3,178",620,67,"2,985",769,111,"2,487","1,154",224,"2,958",640,267,"3,865",,,,,,,,
,,,,,,,,,,,,,,,,,,,,,,,,,,,,,
,,Grand Totals: (includes UOCAVA),"381,768","377,773","12,120","383,428","373,848","14,432","366,770","394,157","10,781","420,892","337,486","13,330","388,273","356,621","26,814","457,864","290,062","23,782","771,708",,,,,,,,